code,consumer,resource,ConsumerNodeID,ResourceNodeID
1,Calanus finnmarchicus,Phaeocystis pouchetii,22,1
2,Calanus finnmarchicus,Chaetoceros socialis,22,2
3,Calanus finnmarchicus,Thalassiosira nordenskioeldii,22,3
4,Calanus finnmarchicus,Fragilariopsis,22,4
5,Calanus finnmarchicus,Protoperidinium,22,5
6,Calanus finnmarchicus,Gymnodinium,22,6
7,Calanus finnmarchicus,Dinobryon balticum,22,7
8,Calanus finnmarchicus,Thalassiosira antarctica,22,8
9,Calanus finnmarchicus,Cylindrotheca closterium,22,9
10,Calanus finnmarchicus,Chaetoceros,22,10
11,Calanus finnmarchicus,Coccolithus pleagicus,22,11
12,Calanus finnmarchicus,Globoquadriana pachyderma,22,12
13,Calanus finnmarchicus,Globigerinita bradyi,22,13
14,Calanus finnmarchicus,Globigerina quinqueloba,22,14
15,Calanus finnmarchicus,Nitzschia frigida,22,15
16,Calanus finnmarchicus,Pleurosigma stuxbergii,22,16
17,Calanus finnmarchicus,Navicula pelagica,22,17
18,Calanus finnmarchicus,Entomoneis,22,18
19,Calanus finnmarchicus,Cocconeis,22,19
20,Calanus finnmarchicus,Dinophysis acuta,22,20
21,Calanus finnmarchicus,Onacea borealis,22,23
22,Calanus finnmarchicus,Bradyidius similis,22,24
23,Calanus finnmarchicus,Microcalanus pusillus,22,25
24,Calanus finnmarchicus,Copepoda nauplii,22,26
25,Calanus finnmarchicus,Metridia longa,22,27
26,Calanus finnmarchicus,Metridia lucens,22,28
27,Calanus finnmarchicus,Calanus glacialis,22,29
28,Calanus finnmarchicus,Calanus hyperboreus,22,30
29,Calanus finnmarchicus,Pseudocalanus,22,31
30,Calanus finnmarchicus,Oithona similis,22,32
31,Calanus finnmarchicus,Fritillaria,22,33
32,Calanus finnmarchicus,Clione limacina,22,34
33,Calanus finnmarchicus,Limacina helicina,22,35
34,Calanus finnmarchicus,Gaidius tenuispinus,22,36
35,Calanus finnmarchicus,Xanthocalanus,22,37
36,Calanus finnmarchicus,POM,22,260
37,Calanus finnmarchicus,Phytodetritus,22,261
38,Onacea borealis,Phaeocystis pouchetii,23,1
39,Onacea borealis,Chaetoceros socialis,23,2
40,Onacea borealis,Thalassiosira nordenskioeldii,23,3
41,Onacea borealis,Fragilariopsis,23,4
42,Onacea borealis,Protoperidinium,23,5
43,Onacea borealis,Gymnodinium,23,6
44,Onacea borealis,Dinobryon balticum,23,7
45,Onacea borealis,Thalassiosira antarctica,23,8
46,Onacea borealis,Cylindrotheca closterium,23,9
47,Onacea borealis,Chaetoceros,23,10
48,Onacea borealis,Coccolithus pleagicus,23,11
49,Onacea borealis,Globoquadriana pachyderma,23,12
50,Onacea borealis,Globigerinita bradyi,23,13
51,Onacea borealis,Globigerina quinqueloba,23,14
52,Onacea borealis,Nitzschia frigida,23,15
53,Onacea borealis,Pleurosigma stuxbergii,23,16
54,Onacea borealis,Navicula pelagica,23,17
55,Onacea borealis,Entomoneis,23,18
56,Onacea borealis,Cocconeis,23,19
57,Onacea borealis,Dinophysis acuta,23,20
58,Onacea borealis,POM,23,260
59,Onacea borealis,Phytodetritus,23,261
60,Bradyidius similis,Phaeocystis pouchetii,24,1
61,Bradyidius similis,Chaetoceros socialis,24,2
62,Bradyidius similis,Thalassiosira nordenskioeldii,24,3
63,Bradyidius similis,Fragilariopsis,24,4
64,Bradyidius similis,Protoperidinium,24,5
65,Bradyidius similis,Gymnodinium,24,6
66,Bradyidius similis,Dinobryon balticum,24,7
67,Bradyidius similis,Thalassiosira antarctica,24,8
68,Bradyidius similis,Cylindrotheca closterium,24,9
69,Bradyidius similis,Chaetoceros,24,10
70,Bradyidius similis,Coccolithus pleagicus,24,11
71,Bradyidius similis,Globoquadriana pachyderma,24,12
72,Bradyidius similis,Globigerinita bradyi,24,13
73,Bradyidius similis,Globigerina quinqueloba,24,14
74,Bradyidius similis,Nitzschia frigida,24,15
75,Bradyidius similis,Pleurosigma stuxbergii,24,16
76,Bradyidius similis,Navicula pelagica,24,17
77,Bradyidius similis,Entomoneis,24,18
78,Bradyidius similis,Cocconeis,24,19
79,Bradyidius similis,Dinophysis acuta,24,20
80,Bradyidius similis,Phytodetritus,24,261
81,Microcalanus pusillus,Phaeocystis pouchetii,25,1
82,Microcalanus pusillus,Protoperidinium,25,5
83,Microcalanus pusillus,Gymnodinium,25,6
84,Microcalanus pusillus,Navicula pelagica,25,17
85,Microcalanus pusillus,Entomoneis,25,18
86,Microcalanus pusillus,Cocconeis,25,19
87,Microcalanus pusillus,POM,25,260
88,Microcalanus pusillus,Phytodetritus,25,261
89,Copepoda nauplii,POM,26,260
90,Metridia longa,Onacea borealis,27,23
91,Metridia longa,Bradyidius similis,27,24
92,Metridia longa,Clione limacina,27,34
93,Metridia longa,POM,27,260
94,Metridia longa,Phytodetritus,27,261
95,Metridia lucens,Calanus finnmarchicus,28,22
96,Metridia lucens,POM,28,260
97,Metridia lucens,Phytodetritus,28,261
98,Calanus glacialis,POM,29,260
99,Calanus glacialis,Phytodetritus,29,261
100,Calanus hyperboreus,Calanus glacialis,30,29
101,Calanus hyperboreus,POM,30,260
102,Calanus hyperboreus,Phytodetritus,30,261
103,Pseudocalanus,Phytodetritus,31,261
104,Oithona similis,Phytodetritus,32,261
105,Fritillaria,POM,33,260
106,Fritillaria,Phytodetritus,33,261
107,Clione limacina,POM,34,260
108,Limacina helicina,Clione limacina,35,34
109,Limacina helicina,Limacina helicina,35,35
110,Limacina helicina,POM,35,260
111,Gaidius tenuispinus,Phytodetritus,36,261
112,Xanthocalanus,Phytodetritus,37,261
113,Thysanoessa raschii,Calanus finnmarchicus,38,22
114,Thysanoessa raschii,Onacea borealis,38,23
115,Thysanoessa raschii,Bradyidius similis,38,24
116,Thysanoessa raschii,Microcalanus pusillus,38,25
117,Thysanoessa raschii,Copepoda nauplii,38,26
118,Thysanoessa raschii,Metridia longa,38,27
119,Thysanoessa raschii,Metridia lucens,38,28
120,Thysanoessa raschii,Calanus glacialis,38,29
121,Thysanoessa raschii,Calanus hyperboreus,38,30
122,Thysanoessa raschii,Pseudocalanus,38,31
123,Thysanoessa raschii,Oithona similis,38,32
124,Thysanoessa raschii,POM,38,260
125,Thysanoessa raschii,Phytodetritus,38,261
126,Thysanoessa longicaudata,Calanus finnmarchicus,39,22
127,Thysanoessa longicaudata,Metridia longa,39,27
128,Thysanoessa longicaudata,Metridia lucens,39,28
129,Thysanoessa longicaudata,POM,39,260
130,Thysanoessa longicaudata,Phytodetritus,39,261
131,Thysanoessa inermis,Phytodetritus,40,261
132,Themisto libellula,Phytodetritus,41,261
133,Themisto abyssorum,Phytodetritus,42,261
134,Boremysis arctica,Phytodetritus,43,261
135,Neoscolecithrix farrani,Phytodetritus,44,261
136,Neoscolecithrix farrani,Sediment,44,262
137,Mertensia ovum,Calanus finnmarchicus,45,22
138,Mertensia ovum,Onacea borealis,45,23
139,Mertensia ovum,Bradyidius similis,45,24
140,Mertensia ovum,Microcalanus pusillus,45,25
141,Mertensia ovum,Copepoda nauplii,45,26
142,Mertensia ovum,Metridia longa,45,27
143,Mertensia ovum,Metridia lucens,45,28
144,Mertensia ovum,Calanus glacialis,45,29
145,Mertensia ovum,Calanus hyperboreus,45,30
146,Mertensia ovum,Pseudocalanus,45,31
147,Mertensia ovum,Oithona similis,45,32
148,Mertensia ovum,Clione limacina,45,34
149,Mertensia ovum,Limacina helicina,45,35
150,Mertensia ovum,Mertensia ovum,45,45
151,Mertensia ovum,Beroe cucumis,45,46
152,Beroe cucumis,Calanus finnmarchicus,46,22
153,Beroe cucumis,Onacea borealis,46,23
154,Beroe cucumis,Bradyidius similis,46,24
155,Beroe cucumis,Microcalanus pusillus,46,25
156,Beroe cucumis,Copepoda nauplii,46,26
157,Beroe cucumis,Metridia longa,46,27
158,Meganyctiphanes norvegica,Metridia lucens,47,28
159,Boreomysis arctica,POM,48,260
160,Boreomysis arctica,Phytodetritus,48,261
161,Boreomysis arctica,Sediment,48,262
162,Balanus balanus,POM,66,260
163,Balanus balanus,Phytodetritus,66,261
164,Balanus balanus,Sediment,66,262
165,Semibalanus balanoides,POM,67,260
166,Semibalanus balanoides,Phytodetritus,67,261
167,Semibalanus balanoides,Sediment,67,262
168,Littorina saxatilis,Fucus distichus,68,49
169,Littorina saxatilis,Pylaiella littoralis,68,50
170,Littorina saxatilis,Chordaria flagelliformis,68,51
171,Littorina saxatilis,Acrosiphonia,68,52
172,Littorina saxatilis,Alaria esculenta,68,53
173,Littorina saxatilis,Laminaria saccharina,68,54
174,Littorina saxatilis,Laminaria digitata,68,55
175,Littorina saxatilis,Saccorhiza dermatodea,68,56
176,Littorina saxatilis,Laminaria solidungula,68,57
177,Littorina saxatilis,Phycodrys rubens,68,58
178,Littorina saxatilis,Ptilta gunneri,68,59
179,Littorina saxatilis,Fimbrifolium dichotomum,68,60
180,Littorina saxatilis,Desmarestia aculeata,68,61
181,Littorina saxatilis,Palmaria palmata,68,62
182,Littorina saxatilis,Devaleraea ramentacea,68,63
183,Littorina saxatilis,Turnerella pennyi,68,64
184,Littorina saxatilis,Desmarestia viridis,68,65
185,Littorina saxatilis,Phytodetritus,68,261
186,Littorina saxatilis,Sediment,68,262
187,Ischyroceros,Phytodetritus,69,261
188,Ischyroceros,Sediment,69,262
189,Gammarus setosus,Phytodetritus,70,261
190,Gammarus setosus,Sediment,70,262
191,Gammarellus homari,Phytodetritus,71,261
192,Onisimus littoralis,Phytodetritus,72,261
193,Onisimus littoralis,Sediment,72,262
194,Anonyx nugax,Phytodetritus,73,261
195,Anonyx sarsi,Phytodetritus,74,261
196,Arrhis phyllonyx,Phytodetritus,75,261
197,Brachydiastylis resima,Phytodetritus,76,261
198,Brachydiastylis resima,Sediment,76,262
199,Caprella septentrionalis,Phytodetritus,77,261
200,Caprella septentrionalis,Sediment,77,262
201,Corophium crassicorne,Phytodetritus,78,261
202,Corophium crassicorne,Sediment,78,262
203,Diastylis goodsiri,Phytodetritus,79,261
204,Diastylis goodsiri,Sediment,79,262
205,Diastylis lucifera,Phytodetritus,80,261
206,Diastylis lucifera,Sediment,80,262
207,Diastylis rathkii,Phytodetritus,81,261
208,Diastylis rathkii,Sediment,81,262
209,Eryhtrops erythropthalma,Phytodetritus,82,261
210,Eryhtrops erythropthalma,Sediment,82,262
211,Eualus gaimardi,Balanus balanus,83,66
212,Eualus gaimardi,Semibalanus balanoides,83,67
213,Eualus gaimardi,Littorina saxatilis,83,68
214,Eualus gaimardi,Sediment,83,262
215,Halirages fulvocinctus,Phytodetritus,84,261
216,Halirages fulvocinctus,Sediment,84,262
217,Hyas araneus,Fucus distichus,85,49
218,Hyas araneus,Pylaiella littoralis,85,50
219,Hyas araneus,Chordaria flagelliformis,85,51
220,Hyas araneus,Acrosiphonia,85,52
221,Hyas araneus,Alaria esculenta,85,53
222,Hyas araneus,Laminaria saccharina,85,54
223,Hyas araneus,Laminaria digitata,85,55
224,Hyas araneus,Saccorhiza dermatodea,85,56
225,Hyas araneus,Laminaria solidungula,85,57
226,Hyas araneus,Phycodrys rubens,85,58
227,Hyas araneus,Ptilta gunneri,85,59
228,Hyas araneus,Fimbrifolium dichotomum,85,60
229,Hyas araneus,Desmarestia aculeata,85,61
230,Hyas araneus,Palmaria palmata,85,62
231,Hyas araneus,Devaleraea ramentacea,85,63
232,Hyas araneus,Turnerella pennyi,85,64
233,Hyas araneus,Desmarestia viridis,85,65
234,Hyas araneus,Balanus balanus,85,66
235,Hyas araneus,Semibalanus balanoides,85,67
236,Hyas araneus,Glycera capitata,85,134
237,Hyas araneus,Harmothoe imbricata,85,135
238,Hyas araneus,Heteromastus filiformis,85,136
239,Hyas araneus,Leitoscoloplos mammosus,85,137
240,Hyas araneus,Levinsenia gracilis,85,138
241,Hyas araneus,Lumbrineris,85,139
242,Hyas araneus,Lysippe labiata,85,140
243,Hyas araneus,Nephtys ciliata,85,141
244,Hyas araneus,Nereimyra punctata,85,142
245,Hyas araneus,Nereis zonata,85,143
246,Hyas araneus,Yoldia hyperborea,85,207
247,Hyas araneus,Yoldiella frigida,85,208
248,Hyas araneus,Yoldiella lenticula,85,209
249,Hyas araneus,Yoldiella solidula,85,210
250,Hyas araneus,Ophiocten sericeum,85,211
251,Hyas araneus,Ophiopholis aculeata,85,212
252,Hyas araneus,Ophiura robusta,85,213
253,Hyas araneus,Strongylocentrotus pallidus,85,214
254,Hyas araneus,Strongylocentrotus droebachiensis,85,215
255,Hyas araneus,Crossaster papposus,85,216
256,Hyas araneus,Henricia,85,217
257,Hyas araneus,Sediment,85,262
258,Ischyrocerus anguipes,Phytodetritus,86,261
259,Ischyrocerus anguipes,Sediment,86,262
260,Janira,Phytodetritus,87,261
261,Janira,Sediment,87,262
262,Lamprops fuscatus,Phytodetritus,88,261
263,Lamprops fuscatus,Sediment,88,262
264,Lebbeus polaris,Calanus finnmarchicus,89,22
265,Lebbeus polaris,Copepoda nauplii,89,26
266,Lebbeus polaris,Pseudocalanus,89,31
267,Lebbeus polaris,Oithona similis,89,32
268,Lebbeus polaris,Fritillaria,89,33
269,Lebbeus polaris,Limacina helicina,89,35
270,Lebbeus polaris,Phytodetritus,89,261
271,Melita dentata,Phytodetritus,90,261
272,Melita dentata,Sediment,90,262
273,Melita formosa,Phytodetritus,91,261
274,Melita formosa,Sediment,91,262
275,Melita palmata,Phytodetritus,92,261
276,Melita palmata,Sediment,92,262
277,Monoculodes borealis,Phytodetritus,93,261
278,Monoculodes longirostris,Calanus finnmarchicus,94,22
279,Monoculodes longirostris,Onacea borealis,94,23
280,Monoculodes longirostris,Bradyidius similis,94,24
281,Monoculodes longirostris,Microcalanus pusillus,94,25
282,Monoculodes longirostris,Copepoda nauplii,94,26
283,Monoculodes longirostris,Metridia longa,94,27
284,Monoculodes longirostris,Metridia lucens,94,28
285,Monoculodes longirostris,Calanus glacialis,94,29
286,Monoculodes longirostris,Calanus hyperboreus,94,30
287,Monoculodes longirostris,Pseudocalanus,94,31
288,Monoculodes longirostris,Oithona similis,94,32
289,Monoculodes longirostris,Phytodetritus,94,261
290,Munna,Phytodetritus,95,261
291,Munna,Sediment,95,262
292,Munnopsis,Phytodetritus,96,261
293,Munnopsis,Sediment,96,262
294,Mysis oculata,Phytodetritus,97,261
295,Mysis oculata,Sediment,97,262
296,Onisimus caricus,Phytodetritus,98,261
297,Onisimus caricus,Sediment,98,262
298,Onisimus edwardsi,Phytodetritus,99,261
299,Onisimus edwardsi,Sediment,99,262
300,Orchomenella minuta,Phytodetritus,100,261
301,Orchomenella minuta,Sediment,100,262
302,Pagurus pubescens,Heteromastus filiformis,101,136
303,Pagurus pubescens,Leitoscoloplos mammosus,101,137
304,Pagurus pubescens,Levinsenia gracilis,101,138
305,Pagurus pubescens,Lumbrineris,101,139
306,Pagurus pubescens,Lysippe labiata,101,140
307,Pagurus pubescens,Nephtys ciliata,101,141
308,Pagurus pubescens,Nereimyra punctata,101,142
309,Pagurus pubescens,Nereis zonata,101,143
310,Pagurus pubescens,Pholoe assimilis,101,144
311,Pagurus pubescens,Phyllodoce,101,145
312,Pagurus pubescens,Polydora,101,146
313,Pagurus pubescens,Cylichna cf. oculata,101,168
314,Pagurus pubescens,Elachisina globuloides,101,169
315,Pagurus pubescens,Erginus rubellus,101,170
316,Pagurus pubescens,Euspira pallida,101,171
317,Pagurus pubescens,Frigidoalvania cruenta,101,172
318,Pagurus pubescens,Ophiocten sericeum,101,211
319,Pagurus pubescens,Ophiopholis aculeata,101,212
320,Pagurus pubescens,Ophiura robusta,101,213
321,Pagurus pubescens,Strongylocentrotus pallidus,101,214
322,Pagurus pubescens,Strongylocentrotus droebachiensis,101,215
323,Pagurus pubescens,Crossaster papposus,101,216
324,Pagurus pubescens,Henricia,101,217
325,Pagurus pubescens,Urticina eques,101,220
326,Pagurus pubescens,Hormathia nodosa,101,221
327,Pagurus pubescens,Phytodetritus,101,261
328,Pagurus pubescens,Sediment,101,262
329,Pandalus borealis,Phytodetritus,102,261
330,Parapleustes assimilis,Neoscolecithrix farrani,103,44
331,Parapleustes assimilis,Laminaria saccharina,103,54
332,Parapleustes assimilis,Laminaria digitata,103,55
333,Parapleustes assimilis,Diastylis goodsiri,103,79
334,Parapleustes assimilis,Diastylis lucifera,103,80
335,Parapleustes assimilis,Diastylis rathkii,103,81
336,Parapleustes assimilis,Phytodetritus,103,261
337,Parapleustes assimilis,Sediment,103,262
338,Parapleustes bicuspis,Neoscolecithrix farrani,104,44
339,Parapleustes bicuspis,Laminaria saccharina,104,54
340,Parapleustes bicuspis,Laminaria digitata,104,55
341,Parapleustes bicuspis,Diastylis goodsiri,104,79
342,Parapleustes bicuspis,Diastylis lucifera,104,80
343,Parapleustes bicuspis,Diastylis rathkii,104,81
344,Parapleustes bicuspis,Ischyrocerus anguipes,104,86
345,Parapleustes bicuspis,Janira,104,87
346,Parapleustes bicuspis,Lamprops fuscatus,104,88
347,Parapleustes bicuspis,Phytodetritus,104,261
348,Parapleustes bicuspis,Sediment,104,262
349,Parapleustes monocuspis,Neoscolecithrix farrani,105,44
350,Parapleustes monocuspis,Boreomysis arctica,105,48
351,Parapleustes monocuspis,Laminaria saccharina,105,54
352,Parapleustes monocuspis,Laminaria digitata,105,55
353,Parapleustes monocuspis,Phytodetritus,105,261
354,Parapleustes monocuspis,Sediment,105,262
355,Paroediceros lynceus,Neoscolecithrix farrani,106,44
356,Paroediceros lynceus,Laminaria saccharina,106,54
357,Paroediceros lynceus,Laminaria digitata,106,55
358,Paroediceros lynceus,Littorina saxatilis,106,68
359,Paroediceros lynceus,Diastylis goodsiri,106,79
360,Paroediceros lynceus,Diastylis lucifera,106,80
361,Paroediceros lynceus,Diastylis rathkii,106,81
362,Paroediceros lynceus,Ischyrocerus anguipes,106,86
363,Paroediceros lynceus,Janira,106,87
364,Paroediceros lynceus,Lamprops fuscatus,106,88
365,Paroediceros lynceus,Melita dentata,106,90
366,Paroediceros lynceus,Melita formosa,106,91
367,Paroediceros lynceus,Melita palmata,106,92
368,Paroediceros lynceus,Munna,106,95
369,Paroediceros lynceus,Phytodetritus,106,261
370,Paroediceros lynceus,Sediment,106,262
371,Pleustes panoplus,Neoscolecithrix farrani,107,44
372,Pleustes panoplus,Laminaria saccharina,107,54
373,Pleustes panoplus,Laminaria digitata,107,55
374,Pleustes panoplus,Littorina saxatilis,107,68
375,Pleustes panoplus,Ischyroceros,107,69
376,Pleustes panoplus,Gammarus setosus,107,70
377,Pleustes panoplus,Diastylis goodsiri,107,79
378,Pleustes panoplus,Diastylis lucifera,107,80
379,Pleustes panoplus,Diastylis rathkii,107,81
380,Pleustes panoplus,Phytodetritus,107,261
381,Pleustes panoplus,Sediment,107,262
382,Pleusymtes glabroides,Phytodetritus,108,261
383,Pleusymtes glabroides,Sediment,108,262
384,Pontoporeia femorata,Phytodetritus,109,261
385,Pontoporeia femorata,Sediment,109,262
386,Rhachotropis inflata,Phytodetritus,110,261
387,Rhachotropis inflata,Sediment,110,262
388,Spirontocaris spinus,Phytodetritus,111,261
389,Spirontocaris turgida,Sediment,112,262
390,Stilomysis grandis,Phytodetritus,113,261
391,Syrrhoe crenulata,Sediment,114,262
392,Tanaidacea,Phytodetritus,115,261
393,Tanaidacea,Sediment,115,262
394,Unciola leucopis,Phytodetritus,116,261
395,Unciola leucopis,Sediment,116,262
396,Weyprechtia pinguis,Phytodetritus,117,261
397,Weyprechtia pinguis,Sediment,117,262
398,Haliclona,POM,118,260
399,Haliclona,Phytodetritus,118,261
400,Aglaophamus malmgreni,Aglaophamus malmgreni,119,119
401,Aglaophamus malmgreni,Ampharete finmarchica,119,120
402,Aglaophamus malmgreni,Heteromastus filiformis,119,136
403,Aglaophamus malmgreni,Leitoscoloplos mammosus,119,137
404,Aglaophamus malmgreni,Levinsenia gracilis,119,138
405,Aglaophamus malmgreni,Lumbrineris,119,139
406,Aglaophamus malmgreni,Lysippe labiata,119,140
407,Aglaophamus malmgreni,Nephtys ciliata,119,141
408,Aglaophamus malmgreni,Nereimyra punctata,119,142
409,Aglaophamus malmgreni,Nereis zonata,119,143
410,Aglaophamus malmgreni,Pholoe assimilis,119,144
411,Aglaophamus malmgreni,Phyllodoce,119,145
412,Aglaophamus malmgreni,Priapulus caudatus,119,156
413,Aglaophamus malmgreni,Sipunculida,119,157
414,Aglaophamus malmgreni,Philine,119,179
415,Aglaophamus malmgreni,Phytodetritus,119,261
416,Aglaophamus malmgreni,Sediment,119,262
417,Ampharete finmarchica,Phytodetritus,120,261
418,Ampharete finmarchica,Sediment,120,262
419,Brada inhabilis,Phytodetritus,121,261
420,Brada inhabilis,Sediment,121,262
421,Brada villosa,Phytodetritus,122,261
422,Brada villosa,Sediment,122,262
423,Bylgides elegans,Phytodetritus,123,261
424,Bylgides elegans,Sediment,123,262
425,Bylgides groenlandica,Phytodetritus,124,261
426,Bylgides groenlandica,Sediment,124,262
427,Capitella capitata,Phytodetritus,125,261
428,Capitella capitata,Sediment,125,262
429,Chaetozone,Phytodetritus,126,261
430,Chaetozone,Sediment,126,262
431,Chone,Phytodetritus,127,261
432,Chone,Sediment,127,262
433,Circeis,Phytodetritus,128,261
434,Circeis,Sediment,128,262
435,Cossura longocirrata,Phytodetritus,129,261
436,Cossura longocirrata,Sediment,129,262
437,Diplocirrus hirsutus,Phytodetritus,130,261
438,Diplocirrus hirsutus,Sediment,130,262
439,Eteone,Phytodetritus,131,261
440,Eteone,Sediment,131,262
441,Euchone,Phytodetritus,132,261
442,Euchone,Sediment,132,262
443,Gattyana cirrhosa,Janira,133,87
444,Gattyana cirrhosa,Tanaidacea,133,115
445,Gattyana cirrhosa,Haliclona,133,118
446,Gattyana cirrhosa,Phyllodoce,133,145
447,Gattyana cirrhosa,Priapulus caudatus,133,156
448,Gattyana cirrhosa,Sipunculida,133,157
449,Gattyana cirrhosa,Philine,133,179
450,Gattyana cirrhosa,Styela rustica,133,218
451,Gattyana cirrhosa,Halocynthia pyriformis,133,219
452,Gattyana cirrhosa,Urticina eques,133,220
453,Gattyana cirrhosa,Hormathia nodosa,133,221
454,Gattyana cirrhosa,Phytodetritus,133,261
455,Gattyana cirrhosa,Sediment,133,262
456,Glycera capitata,Janira,134,87
457,Glycera capitata,Tanaidacea,134,115
458,Glycera capitata,Haliclona,134,118
459,Glycera capitata,Eteone,134,131
460,Glycera capitata,Phyllodoce,134,145
461,Glycera capitata,Priapulus caudatus,134,156
462,Glycera capitata,Sipunculida,134,157
463,Glycera capitata,Philine,134,179
464,Glycera capitata,Phytodetritus,134,261
465,Glycera capitata,Sediment,134,262
466,Harmothoe imbricata,Tanaidacea,135,115
467,Harmothoe imbricata,Haliclona,135,118
468,Harmothoe imbricata,Harmothoe imbricata,135,135
469,Harmothoe imbricata,Phyllodoce,135,145
470,Harmothoe imbricata,Priapulus caudatus,135,156
471,Harmothoe imbricata,Sipunculida,135,157
472,Harmothoe imbricata,Philine,135,179
473,Harmothoe imbricata,Phytodetritus,135,261
474,Harmothoe imbricata,Sediment,135,262
475,Heteromastus filiformis,Phytodetritus,136,261
476,Heteromastus filiformis,Sediment,136,262
477,Leitoscoloplos mammosus,Phytodetritus,137,261
478,Leitoscoloplos mammosus,Sediment,137,262
479,Levinsenia gracilis,Phytodetritus,138,261
480,Levinsenia gracilis,Sediment,138,262
481,Lumbrineris,Phytodetritus,139,261
482,Lysippe labiata,Phytodetritus,140,261
483,Lysippe labiata,Sediment,140,262
484,Nephtys ciliata,Phytodetritus,141,261
485,Nereimyra punctata,Phytodetritus,142,261
486,Nereimyra punctata,Sediment,142,262
487,Nereis zonata,Tanaidacea,143,115
488,Nereis zonata,Haliclona,143,118
489,Nereis zonata,Harmothoe imbricata,143,135
490,Nereis zonata,Nereis zonata,143,143
491,Nereis zonata,Phyllodoce,143,145
492,Nereis zonata,Priapulus caudatus,143,156
493,Nereis zonata,Sipunculida,143,157
494,Nereis zonata,Philine,143,179
495,Nereis zonata,Phytodetritus,143,261
496,Nereis zonata,Sediment,143,262
497,Pholoe assimilis,Phytodetritus,144,261
498,Pholoe assimilis,Sediment,144,262
499,Phyllodoce,Phytodetritus,145,261
500,Phyllodoce,Sediment,145,262
501,Polydora,Phytodetritus,146,261
502,Polydora,Sediment,146,262
503,Prionospio cirrifera,Phytodetritus,147,261
504,Prionospio cirrifera,Sediment,147,262
505,Sabellides octocirrata,Phytodetritus,148,261
506,Sabellides octocirrata,Sediment,148,262
507,Samytha sexcirrata,Phytodetritus,149,261
508,Samytha sexcirrata,Sediment,149,262
509,Scoletoma fragilis,Phytodetritus,150,261
510,Scoletoma fragilis,Sediment,150,262
511,Scoloplos armiger,Phytodetritus,151,261
512,Scoloplos armiger,Sediment,151,262
513,Spio,Phytodetritus,152,261
514,Spio,Sediment,152,262
515,Terebellides stroemi,Phytodetritus,153,261
516,Terebellides stroemi,Sediment,153,262
517,Thelepus cincinnatus,Phytodetritus,154,261
518,Thelepus cincinnatus,Sediment,154,262
519,Halicryptus spinulosus,POM,155,260
520,Halicryptus spinulosus,Phytodetritus,155,261
521,Halicryptus spinulosus,Sediment,155,262
522,Priapulus caudatus,POM,156,260
523,Priapulus caudatus,Phytodetritus,156,261
524,Priapulus caudatus,Sediment,156,262
525,Sipunculida,Phytodetritus,157,261
526,Sipunculida,Sediment,157,262
527,Pycnogonida,Glycera capitata,158,134
528,Pycnogonida,Harmothoe imbricata,158,135
529,Pycnogonida,Heteromastus filiformis,158,136
530,Pycnogonida,Leitoscoloplos mammosus,158,137
531,Pycnogonida,Levinsenia gracilis,158,138
532,Pycnogonida,Lumbrineris,158,139
533,Pycnogonida,Lysippe labiata,158,140
534,Pycnogonida,Nephtys ciliata,158,141
535,Pycnogonida,Nereimyra punctata,158,142
536,Pycnogonida,Nereis zonata,158,143
537,Pycnogonida,Boreocingula castanea,158,162
538,Pycnogonida,Boreotrophon truncatus,158,163
539,Pycnogonida,Buccinum scalariforme,158,164
540,Pycnogonida,Buccinum terranovae,158,165
541,Pycnogonida,Buccinum undatum,158,166
542,Pycnogonida,Cylichna cf. alba,158,167
543,Pycnogonida,Cylichna cf. oculata,158,168
544,Pycnogonida,Elachisina globuloides,158,169
545,Pycnogonida,Erginus rubellus,158,170
546,Pycnogonida,Euspira pallida,158,171
547,Pycnogonida,Frigidoalvania cruenta,158,172
548,Pycnogonida,Lepeta caeca,158,173
549,Pycnogonida,Margarites groenlandicus,158,174
550,Pycnogonida,Margarites helicinus,158,175
551,Pycnogonida,Menestho albula,158,176
552,Pycnogonida,Menestho truncatula,158,177
553,Pycnogonida,Oenopota impressa,158,178
554,Pycnogonida,Philine,158,179
555,Pycnogonida,Puncturella noachina,158,180
556,Pycnogonida,Retusa obtusata,158,181
557,Pycnogonida,Solariella varicosa,158,182
558,Chaetoderma,Phytodetritus,159,261
559,Chaetoderma,Sediment,159,262
560,Tonicella marmorea,Fucus distichus,160,49
561,Tonicella marmorea,Pylaiella littoralis,160,50
562,Tonicella marmorea,Chordaria flagelliformis,160,51
563,Tonicella marmorea,Acrosiphonia,160,52
564,Tonicella marmorea,Alaria esculenta,160,53
565,Tonicella marmorea,Laminaria saccharina,160,54
566,Tonicella marmorea,Laminaria digitata,160,55
567,Tonicella marmorea,Saccorhiza dermatodea,160,56
568,Tonicella marmorea,Laminaria solidungula,160,57
569,Tonicella marmorea,Phycodrys rubens,160,58
570,Tonicella marmorea,Ptilta gunneri,160,59
571,Tonicella marmorea,Fimbrifolium dichotomum,160,60
572,Tonicella marmorea,Desmarestia aculeata,160,61
573,Tonicella marmorea,Palmaria palmata,160,62
574,Tonicella marmorea,Devaleraea ramentacea,160,63
575,Tonicella marmorea,Turnerella pennyi,160,64
576,Tonicella marmorea,Desmarestia viridis,160,65
577,Tonicella marmorea,Phytodetritus,160,261
578,Tonicella marmorea,Sediment,160,262
579,Tonicella rubra,Fucus distichus,161,49
580,Tonicella rubra,Pylaiella littoralis,161,50
581,Tonicella rubra,Chordaria flagelliformis,161,51
582,Tonicella rubra,Acrosiphonia,161,52
583,Tonicella rubra,Alaria esculenta,161,53
584,Tonicella rubra,Laminaria saccharina,161,54
585,Tonicella rubra,Laminaria digitata,161,55
586,Tonicella rubra,Saccorhiza dermatodea,161,56
587,Tonicella rubra,Laminaria solidungula,161,57
588,Tonicella rubra,Phycodrys rubens,161,58
589,Tonicella rubra,Ptilta gunneri,161,59
590,Tonicella rubra,Fimbrifolium dichotomum,161,60
591,Tonicella rubra,Desmarestia aculeata,161,61
592,Tonicella rubra,Palmaria palmata,161,62
593,Tonicella rubra,Devaleraea ramentacea,161,63
594,Tonicella rubra,Turnerella pennyi,161,64
595,Tonicella rubra,Desmarestia viridis,161,65
596,Tonicella rubra,Sediment,161,262
597,Boreocingula castanea,Phytodetritus,162,261
598,Boreocingula castanea,Sediment,162,262
599,Boreotrophon truncatus,Fucus distichus,163,49
600,Boreotrophon truncatus,Laminaria saccharina,163,54
601,Boreotrophon truncatus,Laminaria digitata,163,55
602,Boreotrophon truncatus,Saccorhiza dermatodea,163,56
603,Buccinum scalariforme,Fucus distichus,164,49
604,Buccinum scalariforme,Pylaiella littoralis,164,50
605,Buccinum scalariforme,Chordaria flagelliformis,164,51
606,Buccinum scalariforme,Acrosiphonia,164,52
607,Buccinum scalariforme,Alaria esculenta,164,53
608,Buccinum scalariforme,Laminaria saccharina,164,54
609,Buccinum scalariforme,Laminaria digitata,164,55
610,Buccinum scalariforme,Saccorhiza dermatodea,164,56
611,Buccinum scalariforme,Laminaria solidungula,164,57
612,Buccinum scalariforme,Phycodrys rubens,164,58
613,Buccinum scalariforme,Ptilta gunneri,164,59
614,Buccinum scalariforme,Fimbrifolium dichotomum,164,60
615,Buccinum scalariforme,Desmarestia aculeata,164,61
616,Buccinum scalariforme,Palmaria palmata,164,62
617,Buccinum scalariforme,Devaleraea ramentacea,164,63
618,Buccinum scalariforme,Turnerella pennyi,164,64
619,Buccinum scalariforme,Desmarestia viridis,164,65
620,Buccinum scalariforme,Urticina eques,164,220
621,Buccinum scalariforme,Hormathia nodosa,164,221
622,Buccinum scalariforme,Phytodetritus,164,261
623,Buccinum terranovae,Fucus distichus,165,49
624,Buccinum terranovae,Pylaiella littoralis,165,50
625,Buccinum terranovae,Chordaria flagelliformis,165,51
626,Buccinum terranovae,Acrosiphonia,165,52
627,Buccinum terranovae,Alaria esculenta,165,53
628,Buccinum terranovae,Laminaria saccharina,165,54
629,Buccinum terranovae,Laminaria digitata,165,55
630,Buccinum terranovae,Saccorhiza dermatodea,165,56
631,Buccinum terranovae,Laminaria solidungula,165,57
632,Buccinum terranovae,Phycodrys rubens,165,58
633,Buccinum terranovae,Ptilta gunneri,165,59
634,Buccinum terranovae,Fimbrifolium dichotomum,165,60
635,Buccinum terranovae,Desmarestia aculeata,165,61
636,Buccinum terranovae,Palmaria palmata,165,62
637,Buccinum terranovae,Devaleraea ramentacea,165,63
638,Buccinum terranovae,Turnerella pennyi,165,64
639,Buccinum terranovae,Desmarestia viridis,165,65
640,Buccinum terranovae,Urticina eques,165,220
641,Buccinum terranovae,Hormathia nodosa,165,221
642,Buccinum terranovae,Phytodetritus,165,261
643,Buccinum undatum,Fucus distichus,166,49
644,Buccinum undatum,Pylaiella littoralis,166,50
645,Buccinum undatum,Chordaria flagelliformis,166,51
646,Buccinum undatum,Acrosiphonia,166,52
647,Buccinum undatum,Alaria esculenta,166,53
648,Buccinum undatum,Laminaria saccharina,166,54
649,Buccinum undatum,Laminaria digitata,166,55
650,Buccinum undatum,Saccorhiza dermatodea,166,56
651,Buccinum undatum,Laminaria solidungula,166,57
652,Buccinum undatum,Phycodrys rubens,166,58
653,Buccinum undatum,Ptilta gunneri,166,59
654,Buccinum undatum,Fimbrifolium dichotomum,166,60
655,Buccinum undatum,Desmarestia aculeata,166,61
656,Buccinum undatum,Palmaria palmata,166,62
657,Buccinum undatum,Devaleraea ramentacea,166,63
658,Buccinum undatum,Turnerella pennyi,166,64
659,Buccinum undatum,Desmarestia viridis,166,65
660,Buccinum undatum,Phytodetritus,166,261
661,Cylichna cf. alba,Phytodetritus,167,261
662,Cylichna cf. oculata,Phytodetritus,168,261
663,Elachisina globuloides,Phytodetritus,169,261
664,Erginus rubellus,Fucus distichus,170,49
665,Erginus rubellus,Pylaiella littoralis,170,50
666,Erginus rubellus,Chordaria flagelliformis,170,51
667,Erginus rubellus,Acrosiphonia,170,52
668,Erginus rubellus,Alaria esculenta,170,53
669,Erginus rubellus,Laminaria saccharina,170,54
670,Erginus rubellus,Laminaria digitata,170,55
671,Erginus rubellus,Saccorhiza dermatodea,170,56
672,Erginus rubellus,Laminaria solidungula,170,57
673,Erginus rubellus,Phycodrys rubens,170,58
674,Erginus rubellus,Ptilta gunneri,170,59
675,Erginus rubellus,Fimbrifolium dichotomum,170,60
676,Erginus rubellus,Desmarestia aculeata,170,61
677,Erginus rubellus,Palmaria palmata,170,62
678,Erginus rubellus,Devaleraea ramentacea,170,63
679,Erginus rubellus,Turnerella pennyi,170,64
680,Erginus rubellus,Desmarestia viridis,170,65
681,Erginus rubellus,Phytodetritus,170,261
682,Euspira pallida,Phytodetritus,171,261
683,Frigidoalvania cruenta,Phytodetritus,172,261
684,Frigidoalvania cruenta,Sediment,172,262
685,Lepeta caeca,Phytodetritus,173,261
686,Margarites groenlandicus,Laminaria saccharina,174,54
687,Margarites groenlandicus,Phytodetritus,174,261
688,Margarites groenlandicus,Sediment,174,262
689,Margarites helicinus,Laminaria saccharina,175,54
690,Margarites helicinus,Phytodetritus,175,261
691,Margarites helicinus,Sediment,175,262
692,Menestho albula,Laminaria saccharina,176,54
693,Menestho albula,Phytodetritus,176,261
694,Menestho albula,Sediment,176,262
695,Menestho truncatula,Laminaria saccharina,177,54
696,Menestho truncatula,Phytodetritus,177,261
697,Menestho truncatula,Sediment,177,262
698,Oenopota impressa,Laminaria saccharina,178,54
699,Oenopota impressa,Phytodetritus,178,261
700,Oenopota impressa,Sediment,178,262
701,Philine,Fucus distichus,179,49
702,Philine,Pylaiella littoralis,179,50
703,Philine,Chordaria flagelliformis,179,51
704,Philine,Acrosiphonia,179,52
705,Philine,Alaria esculenta,179,53
706,Philine,Laminaria saccharina,179,54
707,Philine,Laminaria digitata,179,55
708,Philine,Saccorhiza dermatodea,179,56
709,Philine,Laminaria solidungula,179,57
710,Philine,Phycodrys rubens,179,58
711,Philine,Ptilta gunneri,179,59
712,Philine,Fimbrifolium dichotomum,179,60
713,Philine,Desmarestia aculeata,179,61
714,Philine,Palmaria palmata,179,62
715,Philine,Devaleraea ramentacea,179,63
716,Philine,Turnerella pennyi,179,64
717,Philine,Desmarestia viridis,179,65
718,Philine,Phytodetritus,179,261
719,Philine,Sediment,179,262
720,Puncturella noachina,Laminaria solidungula,180,57
721,Puncturella noachina,Halicryptus spinulosus,180,155
722,Puncturella noachina,Priapulus caudatus,180,156
723,Puncturella noachina,Sipunculida,180,157
724,Puncturella noachina,Macoma calcarea,180,195
725,Puncturella noachina,Macoma moesta,180,196
726,Puncturella noachina,Urticina eques,180,220
727,Puncturella noachina,Hormathia nodosa,180,221
728,Puncturella noachina,Phytodetritus,180,261
729,Puncturella noachina,Sediment,180,262
730,Retusa obtusata,Laminaria solidungula,181,57
731,Retusa obtusata,Halicryptus spinulosus,181,155
732,Retusa obtusata,Priapulus caudatus,181,156
733,Retusa obtusata,Sipunculida,181,157
734,Retusa obtusata,Urticina eques,181,220
735,Retusa obtusata,Hormathia nodosa,181,221
736,Retusa obtusata,Phytodetritus,181,261
737,Retusa obtusata,Sediment,181,262
738,Solariella varicosa,Laminaria solidungula,182,57
739,Solariella varicosa,Phytodetritus,182,261
740,Solariella varicosa,Sediment,182,262
741,Trophon clathratus,Fucus distichus,183,49
742,Trophon clathratus,Pylaiella littoralis,183,50
743,Trophon clathratus,Chordaria flagelliformis,183,51
744,Trophon clathratus,Acrosiphonia,183,52
745,Trophon clathratus,Alaria esculenta,183,53
746,Trophon clathratus,Laminaria saccharina,183,54
747,Trophon clathratus,Laminaria digitata,183,55
748,Trophon clathratus,Saccorhiza dermatodea,183,56
749,Trophon clathratus,Laminaria solidungula,183,57
750,Trophon clathratus,Phycodrys rubens,183,58
751,Trophon clathratus,Ptilta gunneri,183,59
752,Trophon clathratus,Fimbrifolium dichotomum,183,60
753,Trophon clathratus,Desmarestia aculeata,183,61
754,Trophon clathratus,Palmaria palmata,183,62
755,Trophon clathratus,Devaleraea ramentacea,183,63
756,Trophon clathratus,Turnerella pennyi,183,64
757,Trophon clathratus,Desmarestia viridis,183,65
758,Trophon clathratus,Sediment,183,262
759,Arctinula groenlandica,POM,184,260
760,Arctinula groenlandica,Phytodetritus,184,261
761,Astarte borealis,POM,185,260
762,Astarte borealis,Phytodetritus,185,261
763,Astarte montagui,POM,186,260
764,Astarte montagui,Phytodetritus,186,261
765,Axinopsida orbiculata,POM,187,260
766,Axinopsida orbiculata,Phytodetritus,187,261
767,Boreacola maltzani,POM,188,260
768,Boreacola maltzani,Phytodetritus,188,261
769,Ciliatocardium ciliatum,POM,189,260
770,Ciliatocardium ciliatum,Phytodetritus,189,261
771,Diplodonta torelli,POM,190,260
772,Diplodonta torelli,Phytodetritus,190,261
773,Ennucula tenuis,POM,191,260
774,Ennucula tenuis,Phytodetritus,191,261
775,Hiatella arctica,POM,192,260
776,Hiatella arctica,Phytodetritus,192,261
777,Liocyma fluctuosa,POM,193,260
778,Liocyma fluctuosa,Phytodetritus,193,261
779,Lyonsia arenosa,POM,194,260
780,Lyonsia arenosa,Phytodetritus,194,261
781,Macoma calcarea,POM,195,260
782,Macoma calcarea,Phytodetritus,195,261
783,Macoma moesta,POM,196,260
784,Macoma moesta,Phytodetritus,196,261
785,Musculus corrugatus,POM,197,260
786,Musculus corrugatus,Phytodetritus,197,261
787,Musculus discors,POM,198,260
788,Musculus discors,Phytodetritus,198,261
789,Mya truncata,POM,199,260
790,Mya truncata,Phytodetritus,199,261
791,Nuculana minuta,POM,200,260
792,Nuculana minuta,Phytodetritus,200,261
793,Nuculana pernula,POM,201,260
794,Nuculana pernula,Phytodetritus,201,261
795,Pandora glacialis,POM,202,260
796,Pandora glacialis,Phytodetritus,202,261
797,Serripes groenlandicus,POM,203,260
798,Serripes groenlandicus,Phytodetritus,203,261
799,Thracia myopsis,POM,204,260
800,Thracia myopsis,Phytodetritus,204,261
801,Thyasira dunbari,POM,205,260
802,Thyasira dunbari,Phytodetritus,205,261
803,Thyasira gouldi,POM,206,260
804,Thyasira gouldi,Phytodetritus,206,261
805,Yoldia hyperborea,POM,207,260
806,Yoldia hyperborea,Phytodetritus,207,261
807,Yoldiella frigida,POM,208,260
808,Yoldiella frigida,Phytodetritus,208,261
809,Yoldiella lenticula,POM,209,260
810,Yoldiella lenticula,Phytodetritus,209,261
811,Yoldiella solidula,POM,210,260
812,Yoldiella solidula,Phytodetritus,210,261
813,Ophiocten sericeum,Laminaria saccharina,211,54
814,Ophiocten sericeum,Laminaria digitata,211,55
815,Ophiocten sericeum,Haliclona,211,118
816,Ophiocten sericeum,Harmothoe imbricata,211,135
817,Ophiocten sericeum,Heteromastus filiformis,211,136
818,Ophiocten sericeum,Ophiocten sericeum,211,211
819,Ophiocten sericeum,Ophiopholis aculeata,211,212
820,Ophiocten sericeum,Ophiura robusta,211,213
821,Ophiocten sericeum,Styela rustica,211,218
822,Ophiocten sericeum,Halocynthia pyriformis,211,219
823,Ophiocten sericeum,Urticina eques,211,220
824,Ophiocten sericeum,Hormathia nodosa,211,221
825,Ophiocten sericeum,POM,211,260
826,Ophiocten sericeum,Phytodetritus,211,261
827,Ophiocten sericeum,Sediment,211,262
828,Ophiopholis aculeata,POM,212,260
829,Ophiopholis aculeata,Phytodetritus,212,261
830,Ophiopholis aculeata,Sediment,212,262
831,Ophiura robusta,Haliclona,213,118
832,Ophiura robusta,Urticina eques,213,220
833,Ophiura robusta,Hormathia nodosa,213,221
834,Ophiura robusta,POM,213,260
835,Ophiura robusta,Phytodetritus,213,261
836,Ophiura robusta,Sediment,213,262
837,Strongylocentrotus pallidus,Fucus distichus,214,49
838,Strongylocentrotus pallidus,Pylaiella littoralis,214,50
839,Strongylocentrotus pallidus,Chordaria flagelliformis,214,51
840,Strongylocentrotus pallidus,Acrosiphonia,214,52
841,Strongylocentrotus pallidus,Alaria esculenta,214,53
842,Strongylocentrotus pallidus,Laminaria saccharina,214,54
843,Strongylocentrotus pallidus,Laminaria digitata,214,55
844,Strongylocentrotus pallidus,Saccorhiza dermatodea,214,56
845,Strongylocentrotus pallidus,Laminaria solidungula,214,57
846,Strongylocentrotus pallidus,Phycodrys rubens,214,58
847,Strongylocentrotus pallidus,Ptilta gunneri,214,59
848,Strongylocentrotus pallidus,Fimbrifolium dichotomum,214,60
849,Strongylocentrotus pallidus,Desmarestia aculeata,214,61
850,Strongylocentrotus pallidus,Palmaria palmata,214,62
851,Strongylocentrotus pallidus,Devaleraea ramentacea,214,63
852,Strongylocentrotus pallidus,Turnerella pennyi,214,64
853,Strongylocentrotus pallidus,Desmarestia viridis,214,65
854,Strongylocentrotus pallidus,Haliclona,214,118
855,Strongylocentrotus pallidus,Styela rustica,214,218
856,Strongylocentrotus pallidus,Halocynthia pyriformis,214,219
857,Strongylocentrotus pallidus,Urticina eques,214,220
858,Strongylocentrotus pallidus,Hormathia nodosa,214,221
859,Strongylocentrotus pallidus,POM,214,260
860,Strongylocentrotus pallidus,Phytodetritus,214,261
861,Strongylocentrotus pallidus,Sediment,214,262
862,Strongylocentrotus droebachiensis,Fucus distichus,215,49
863,Strongylocentrotus droebachiensis,Pylaiella littoralis,215,50
864,Strongylocentrotus droebachiensis,Chordaria flagelliformis,215,51
865,Strongylocentrotus droebachiensis,Acrosiphonia,215,52
866,Strongylocentrotus droebachiensis,Alaria esculenta,215,53
867,Strongylocentrotus droebachiensis,Laminaria saccharina,215,54
868,Strongylocentrotus droebachiensis,Laminaria digitata,215,55
869,Strongylocentrotus droebachiensis,Saccorhiza dermatodea,215,56
870,Strongylocentrotus droebachiensis,Laminaria solidungula,215,57
871,Strongylocentrotus droebachiensis,Phycodrys rubens,215,58
872,Strongylocentrotus droebachiensis,Ptilta gunneri,215,59
873,Strongylocentrotus droebachiensis,Fimbrifolium dichotomum,215,60
874,Strongylocentrotus droebachiensis,Desmarestia aculeata,215,61
875,Strongylocentrotus droebachiensis,Palmaria palmata,215,62
876,Strongylocentrotus droebachiensis,Devaleraea ramentacea,215,63
877,Strongylocentrotus droebachiensis,Turnerella pennyi,215,64
878,Strongylocentrotus droebachiensis,Desmarestia viridis,215,65
879,Strongylocentrotus droebachiensis,Haliclona,215,118
880,Strongylocentrotus droebachiensis,Halocynthia pyriformis,215,219
881,Strongylocentrotus droebachiensis,Urticina eques,215,220
882,Strongylocentrotus droebachiensis,Hormathia nodosa,215,221
883,Strongylocentrotus droebachiensis,POM,215,260
884,Strongylocentrotus droebachiensis,Phytodetritus,215,261
885,Strongylocentrotus droebachiensis,Sediment,215,262
886,Crossaster papposus,Fucus distichus,216,49
887,Crossaster papposus,Laminaria saccharina,216,54
888,Crossaster papposus,Laminaria digitata,216,55
889,Crossaster papposus,Aglaophamus malmgreni,216,119
890,Crossaster papposus,Ampharete finmarchica,216,120
891,Crossaster papposus,Brada inhabilis,216,121
892,Crossaster papposus,Brada villosa,216,122
893,Crossaster papposus,Bylgides elegans,216,123
894,Crossaster papposus,Bylgides groenlandica,216,124
895,Crossaster papposus,Capitella capitata,216,125
896,Crossaster papposus,Chaetozone,216,126
897,Crossaster papposus,Chone,216,127
898,Crossaster papposus,Circeis,216,128
899,Crossaster papposus,Cossura longocirrata,216,129
900,Crossaster papposus,Diplocirrus hirsutus,216,130
901,Crossaster papposus,Eteone,216,131
902,Crossaster papposus,Euchone,216,132
903,Crossaster papposus,Gattyana cirrhosa,216,133
904,Crossaster papposus,Glycera capitata,216,134
905,Crossaster papposus,Harmothoe imbricata,216,135
906,Crossaster papposus,Heteromastus filiformis,216,136
907,Crossaster papposus,Leitoscoloplos mammosus,216,137
908,Crossaster papposus,Levinsenia gracilis,216,138
909,Crossaster papposus,Lumbrineris,216,139
910,Crossaster papposus,Lysippe labiata,216,140
911,Crossaster papposus,Nephtys ciliata,216,141
912,Crossaster papposus,Nereimyra punctata,216,142
913,Crossaster papposus,Nereis zonata,216,143
914,Crossaster papposus,Pholoe assimilis,216,144
915,Crossaster papposus,Phyllodoce,216,145
916,Crossaster papposus,Polydora,216,146
917,Crossaster papposus,Prionospio cirrifera,216,147
918,Crossaster papposus,Sabellides octocirrata,216,148
919,Crossaster papposus,Samytha sexcirrata,216,149
920,Crossaster papposus,Scoletoma fragilis,216,150
921,Crossaster papposus,Scoloplos armiger,216,151
922,Crossaster papposus,Spio,216,152
923,Crossaster papposus,Terebellides stroemi,216,153
924,Crossaster papposus,Thelepus cincinnatus,216,154
925,Crossaster papposus,Halicryptus spinulosus,216,155
926,Crossaster papposus,Priapulus caudatus,216,156
927,Crossaster papposus,Sipunculida,216,157
928,Crossaster papposus,Pycnogonida,216,158
929,Crossaster papposus,Chaetoderma,216,159
930,Crossaster papposus,Tonicella marmorea,216,160
931,Crossaster papposus,Tonicella rubra,216,161
932,Crossaster papposus,Axinopsida orbiculata,216,187
933,Crossaster papposus,Boreacola maltzani,216,188
934,Crossaster papposus,Ciliatocardium ciliatum,216,189
935,Crossaster papposus,Diplodonta torelli,216,190
936,Crossaster papposus,Ophiocten sericeum,216,211
937,Crossaster papposus,Ophiopholis aculeata,216,212
938,Crossaster papposus,Ophiura robusta,216,213
939,Crossaster papposus,Strongylocentrotus pallidus,216,214
940,Crossaster papposus,Strongylocentrotus droebachiensis,216,215
941,Crossaster papposus,Crossaster papposus,216,216
942,Crossaster papposus,Henricia,216,217
943,Crossaster papposus,Phytodetritus,216,261
944,Crossaster papposus,Sediment,216,262
945,Henricia,Fucus distichus,217,49
946,Henricia,Pylaiella littoralis,217,50
947,Henricia,Chordaria flagelliformis,217,51
948,Henricia,Acrosiphonia,217,52
949,Henricia,Alaria esculenta,217,53
950,Henricia,Laminaria saccharina,217,54
951,Henricia,Laminaria digitata,217,55
952,Henricia,Saccorhiza dermatodea,217,56
953,Henricia,Laminaria solidungula,217,57
954,Henricia,Phycodrys rubens,217,58
955,Henricia,Ptilta gunneri,217,59
956,Henricia,Fimbrifolium dichotomum,217,60
957,Henricia,Desmarestia aculeata,217,61
958,Henricia,Palmaria palmata,217,62
959,Henricia,Devaleraea ramentacea,217,63
960,Henricia,Turnerella pennyi,217,64
961,Henricia,Desmarestia viridis,217,65
962,Henricia,Phytodetritus,217,261
963,Henricia,Sediment,217,262
964,Styela rustica,POM,218,260
965,Styela rustica,Phytodetritus,218,261
966,Styela rustica,Sediment,218,262
967,Halocynthia pyriformis,POM,219,260
968,Halocynthia pyriformis,Phytodetritus,219,261
969,Halocynthia pyriformis,Sediment,219,262
970,Urticina eques,POM,220,260
971,Urticina eques,Phytodetritus,220,261
972,Urticina eques,Sediment,220,262
973,Hormathia nodosa,POM,221,260
974,Hormathia nodosa,Phytodetritus,221,261
975,Hormathia nodosa,Sediment,221,262
976,Sabinea septemcarinata,Calanus finnmarchicus,222,22
977,Sabinea septemcarinata,Calanus glacialis,222,29
978,Sabinea septemcarinata,Calanus hyperboreus,222,30
979,Sabinea septemcarinata,POM,222,260
980,Sclerocrangon boreas,Phaeocystis pouchetii,223,1
981,Sclerocrangon boreas,Chaetoceros socialis,223,2
982,Sclerocrangon boreas,Thalassiosira nordenskioeldii,223,3
983,Sclerocrangon boreas,Fragilariopsis,223,4
984,Sclerocrangon boreas,Protoperidinium,223,5
985,Sclerocrangon boreas,Gymnodinium,223,6
986,Sclerocrangon boreas,Dinobryon balticum,223,7
987,Sclerocrangon boreas,Thalassiosira antarctica,223,8
988,Sclerocrangon boreas,Cylindrotheca closterium,223,9
989,Sclerocrangon boreas,Chaetoceros,223,10
990,Sclerocrangon boreas,Coccolithus pleagicus,223,11
991,Sclerocrangon boreas,Globoquadriana pachyderma,223,12
992,Sclerocrangon boreas,Globigerinita bradyi,223,13
993,Sclerocrangon boreas,Globigerina quinqueloba,223,14
994,Sclerocrangon boreas,Nitzschia frigida,223,15
995,Sclerocrangon boreas,Pleurosigma stuxbergii,223,16
996,Sclerocrangon boreas,Navicula pelagica,223,17
997,Sclerocrangon boreas,Entomoneis,223,18
998,Sclerocrangon boreas,Cocconeis,223,19
999,Sclerocrangon boreas,Dinophysis acuta,223,20
1000,Sclerocrangon boreas,POM,223,260
1001,Boreogadus saida,Calanus finnmarchicus,224,22
1002,Boreogadus saida,Onacea borealis,224,23
1003,Boreogadus saida,Bradyidius similis,224,24
1004,Boreogadus saida,Microcalanus pusillus,224,25
1005,Boreogadus saida,Copepoda nauplii,224,26
1006,Boreogadus saida,Metridia longa,224,27
1007,Boreogadus saida,Metridia lucens,224,28
1008,Boreogadus saida,Calanus glacialis,224,29
1009,Boreogadus saida,Calanus hyperboreus,224,30
1010,Boreogadus saida,Pseudocalanus,224,31
1011,Boreogadus saida,Oithona similis,224,32
1012,Boreogadus saida,Clione limacina,224,34
1013,Boreogadus saida,Limacina helicina,224,35
1014,Boreogadus saida,Gaidius tenuispinus,224,36
1015,Boreogadus saida,Xanthocalanus,224,37
1016,Boreogadus saida,Thysanoessa raschii,224,38
1017,Boreogadus saida,Thysanoessa longicaudata,224,39
1018,Boreogadus saida,Thysanoessa inermis,224,40
1019,Boreogadus saida,Meganyctiphanes norvegica,224,47
1020,Boreogadus saida,Boreogadus saida,224,224
1021,Boreogadus saida,Reinhardtius hipoglossoides,224,226
1022,Boreogadus saida,Sebastes mentella,224,229
1023,Gadus morhua,Thysanoessa raschii,225,38
1024,Gadus morhua,Thysanoessa longicaudata,225,39
1025,Gadus morhua,Thysanoessa inermis,225,40
1026,Gadus morhua,Themisto libellula,225,41
1027,Gadus morhua,Themisto abyssorum,225,42
1028,Gadus morhua,Boremysis arctica,225,43
1029,Gadus morhua,Neoscolecithrix farrani,225,44
1030,Gadus morhua,Mertensia ovum,225,45
1031,Gadus morhua,Beroe cucumis,225,46
1032,Gadus morhua,Meganyctiphanes norvegica,225,47
1033,Gadus morhua,Boreomysis arctica,225,48
1034,Gadus morhua,Ischyroceros,225,69
1035,Gadus morhua,Gammarus setosus,225,70
1036,Gadus morhua,Gammarellus homari,225,71
1037,Gadus morhua,Onisimus littoralis,225,72
1038,Gadus morhua,Anonyx nugax,225,73
1039,Gadus morhua,Anonyx sarsi,225,74
1040,Gadus morhua,Arrhis phyllonyx,225,75
1041,Gadus morhua,Brachydiastylis resima,225,76
1042,Gadus morhua,Caprella septentrionalis,225,77
1043,Gadus morhua,Corophium crassicorne,225,78
1044,Gadus morhua,Diastylis goodsiri,225,79
1045,Gadus morhua,Diastylis lucifera,225,80
1046,Gadus morhua,Diastylis rathkii,225,81
1047,Gadus morhua,Eryhtrops erythropthalma,225,82
1048,Gadus morhua,Eualus gaimardi,225,83
1049,Gadus morhua,Halirages fulvocinctus,225,84
1050,Gadus morhua,Hyas araneus,225,85
1051,Gadus morhua,Ischyrocerus anguipes,225,86
1052,Gadus morhua,Janira,225,87
1053,Gadus morhua,Lamprops fuscatus,225,88
1054,Gadus morhua,Lebbeus polaris,225,89
1055,Gadus morhua,Melita dentata,225,90
1056,Gadus morhua,Melita formosa,225,91
1057,Gadus morhua,Melita palmata,225,92
1058,Gadus morhua,Monoculodes borealis,225,93
1059,Gadus morhua,Monoculodes longirostris,225,94
1060,Gadus morhua,Munna,225,95
1061,Gadus morhua,Munnopsis,225,96
1062,Gadus morhua,Mysis oculata,225,97
1063,Gadus morhua,Onisimus caricus,225,98
1064,Gadus morhua,Onisimus edwardsi,225,99
1065,Gadus morhua,Orchomenella minuta,225,100
1066,Gadus morhua,Pagurus pubescens,225,101
1067,Gadus morhua,Pandalus borealis,225,102
1068,Gadus morhua,Parapleustes assimilis,225,103
1069,Gadus morhua,Parapleustes bicuspis,225,104
1070,Gadus morhua,Parapleustes monocuspis,225,105
1071,Gadus morhua,Paroediceros lynceus,225,106
1072,Gadus morhua,Pleustes panoplus,225,107
1073,Gadus morhua,Pleusymtes glabroides,225,108
1074,Gadus morhua,Pontoporeia femorata,225,109
1075,Gadus morhua,Rhachotropis inflata,225,110
1076,Gadus morhua,Spirontocaris spinus,225,111
1077,Gadus morhua,Spirontocaris turgida,225,112
1078,Gadus morhua,Stilomysis grandis,225,113
1079,Gadus morhua,Syrrhoe crenulata,225,114
1080,Gadus morhua,Tanaidacea,225,115
1081,Gadus morhua,Unciola leucopis,225,116
1082,Gadus morhua,Weyprechtia pinguis,225,117
1083,Gadus morhua,Boreogadus saida,225,224
1084,Gadus morhua,Gadus morhua,225,225
1085,Gadus morhua,Reinhardtius hipoglossoides,225,226
1086,Gadus morhua,Hipoglossoides platessoides,225,227
1087,Gadus morhua,Lycodes,225,228
1088,Gadus morhua,Sebastes mentella,225,229
1089,Gadus morhua,Liparis liparis,225,230
1090,Gadus morhua,Anisarchus medius,225,231
1091,Gadus morhua,Lumpenus lampretaeformis,225,232
1092,Gadus morhua,Leptagonus decagonus,225,233
1093,Gadus morhua,Leptoclinus maculatus,225,234
1094,Gadus morhua,Liparis fabricii,225,235
1095,Gadus morhua,Artediellus europeus,225,236
1096,Gadus morhua,Careproctus reinhardti,225,237
1097,Gadus morhua,Sebastes marinus,225,238
1098,Gadus morhua,Mallotus villosus,225,239
1099,Gadus morhua,Eumicotremus derjugini,225,240
1100,Gadus morhua,Raja clavata,225,241
1101,Gadus morhua,Myoxocephalus scorpius,225,242
1102,Gadus morhua,Anarhichas lupus,225,243
1103,Gadus morhua,Gymnocanthus tricuspis,225,244
1104,Reinhardtius hipoglossoides,Thysanoessa raschii,226,38
1105,Reinhardtius hipoglossoides,Thysanoessa longicaudata,226,39
1106,Reinhardtius hipoglossoides,Thysanoessa inermis,226,40
1107,Reinhardtius hipoglossoides,Meganyctiphanes norvegica,226,47
1108,Reinhardtius hipoglossoides,Lebbeus polaris,226,89
1109,Reinhardtius hipoglossoides,Pandalus borealis,226,102
1110,Reinhardtius hipoglossoides,Sabinea septemcarinata,226,222
1111,Reinhardtius hipoglossoides,Sclerocrangon boreas,226,223
1112,Reinhardtius hipoglossoides,Boreogadus saida,226,224
1113,Reinhardtius hipoglossoides,Sebastes mentella,226,229
1114,Hipoglossoides platessoides,Aglaophamus malmgreni,227,119
1115,Hipoglossoides platessoides,Ampharete finmarchica,227,120
1116,Hipoglossoides platessoides,Brada inhabilis,227,121
1117,Hipoglossoides platessoides,Brada villosa,227,122
1118,Hipoglossoides platessoides,Bylgides elegans,227,123
1119,Hipoglossoides platessoides,Bylgides groenlandica,227,124
1120,Hipoglossoides platessoides,Capitella capitata,227,125
1121,Hipoglossoides platessoides,Chaetozone,227,126
1122,Hipoglossoides platessoides,Chone,227,127
1123,Hipoglossoides platessoides,Circeis,227,128
1124,Hipoglossoides platessoides,Cossura longocirrata,227,129
1125,Hipoglossoides platessoides,Diplocirrus hirsutus,227,130
1126,Hipoglossoides platessoides,Eteone,227,131
1127,Hipoglossoides platessoides,Euchone,227,132
1128,Hipoglossoides platessoides,Gattyana cirrhosa,227,133
1129,Hipoglossoides platessoides,Glycera capitata,227,134
1130,Hipoglossoides platessoides,Harmothoe imbricata,227,135
1131,Hipoglossoides platessoides,Heteromastus filiformis,227,136
1132,Hipoglossoides platessoides,Leitoscoloplos mammosus,227,137
1133,Hipoglossoides platessoides,Levinsenia gracilis,227,138
1134,Hipoglossoides platessoides,Lumbrineris,227,139
1135,Hipoglossoides platessoides,Lysippe labiata,227,140
1136,Hipoglossoides platessoides,Nephtys ciliata,227,141
1137,Hipoglossoides platessoides,Nereimyra punctata,227,142
1138,Hipoglossoides platessoides,Nereis zonata,227,143
1139,Hipoglossoides platessoides,Pholoe assimilis,227,144
1140,Hipoglossoides platessoides,Phyllodoce,227,145
1141,Hipoglossoides platessoides,Polydora,227,146
1142,Hipoglossoides platessoides,Prionospio cirrifera,227,147
1143,Hipoglossoides platessoides,Sabellides octocirrata,227,148
1144,Hipoglossoides platessoides,Samytha sexcirrata,227,149
1145,Hipoglossoides platessoides,Scoletoma fragilis,227,150
1146,Hipoglossoides platessoides,Scoloplos armiger,227,151
1147,Hipoglossoides platessoides,Spio,227,152
1148,Hipoglossoides platessoides,Terebellides stroemi,227,153
1149,Lycodes,Halirages fulvocinctus,228,84
1150,Lycodes,Ischyrocerus anguipes,228,86
1151,Lycodes,Janira,228,87
1152,Lycodes,Lamprops fuscatus,228,88
1153,Lycodes,Parapleustes bicuspis,228,104
1154,Lycodes,Parapleustes monocuspis,228,105
1155,Lycodes,Paroediceros lynceus,228,106
1156,Lycodes,Pleustes panoplus,228,107
1157,Lycodes,Pleusymtes glabroides,228,108
1158,Lycodes,Pontoporeia femorata,228,109
1159,Lycodes,Rhachotropis inflata,228,110
1160,Lycodes,Spirontocaris spinus,228,111
1161,Lycodes,Spirontocaris turgida,228,112
1162,Lycodes,Stilomysis grandis,228,113
1163,Lycodes,Syrrhoe crenulata,228,114
1164,Lycodes,Tanaidacea,228,115
1165,Lycodes,Unciola leucopis,228,116
1166,Lycodes,Weyprechtia pinguis,228,117
1167,Lycodes,Thelepus cincinnatus,228,154
1168,Sebastes mentella,Thysanoessa raschii,229,38
1169,Sebastes mentella,Thysanoessa longicaudata,229,39
1170,Sebastes mentella,Thysanoessa inermis,229,40
1171,Sebastes mentella,Meganyctiphanes norvegica,229,47
1172,Sebastes mentella,Lebbeus polaris,229,89
1173,Sebastes mentella,Pandalus borealis,229,102
1174,Sebastes mentella,Sabinea septemcarinata,229,222
1175,Sebastes mentella,Sclerocrangon boreas,229,223
1176,Sebastes mentella,Boreogadus saida,229,224
1177,Sebastes mentella,Reinhardtius hipoglossoides,229,226
1178,Liparis liparis,Lebbeus polaris,230,89
1179,Liparis liparis,Pandalus borealis,230,102
1180,Liparis liparis,Aglaophamus malmgreni,230,119
1181,Liparis liparis,Ampharete finmarchica,230,120
1182,Liparis liparis,Brada inhabilis,230,121
1183,Liparis liparis,Brada villosa,230,122
1184,Liparis liparis,Bylgides elegans,230,123
1185,Liparis liparis,Bylgides groenlandica,230,124
1186,Liparis liparis,Capitella capitata,230,125
1187,Liparis liparis,Chaetozone,230,126
1188,Liparis liparis,Chone,230,127
1189,Liparis liparis,Circeis,230,128
1190,Liparis liparis,Cossura longocirrata,230,129
1191,Liparis liparis,Diplocirrus hirsutus,230,130
1192,Liparis liparis,Eteone,230,131
1193,Liparis liparis,Euchone,230,132
1194,Liparis liparis,Gattyana cirrhosa,230,133
1195,Liparis liparis,Glycera capitata,230,134
1196,Liparis liparis,Harmothoe imbricata,230,135
1197,Liparis liparis,Heteromastus filiformis,230,136
1198,Liparis liparis,Leitoscoloplos mammosus,230,137
1199,Liparis liparis,Levinsenia gracilis,230,138
1200,Liparis liparis,Lumbrineris,230,139
1201,Liparis liparis,Lysippe labiata,230,140
1202,Liparis liparis,Nephtys ciliata,230,141
1203,Liparis liparis,Nereimyra punctata,230,142
1204,Liparis liparis,Nereis zonata,230,143
1205,Liparis liparis,Pholoe assimilis,230,144
1206,Liparis liparis,Phyllodoce,230,145
1207,Liparis liparis,Polydora,230,146
1208,Liparis liparis,Prionospio cirrifera,230,147
1209,Liparis liparis,Sabellides octocirrata,230,148
1210,Liparis liparis,Samytha sexcirrata,230,149
1211,Liparis liparis,Scoletoma fragilis,230,150
1212,Liparis liparis,Scoloplos armiger,230,151
1213,Liparis liparis,Spio,230,152
1214,Liparis liparis,Terebellides stroemi,230,153
1215,Liparis liparis,Thelepus cincinnatus,230,154
1216,Liparis liparis,Sabinea septemcarinata,230,222
1217,Liparis liparis,Sclerocrangon boreas,230,223
1218,Anisarchus medius,Hyas araneus,231,85
1219,Anisarchus medius,Buccinum scalariforme,231,164
1220,Anisarchus medius,Buccinum terranovae,231,165
1221,Anisarchus medius,Buccinum undatum,231,166
1222,Anisarchus medius,Ophiocten sericeum,231,211
1223,Anisarchus medius,Ophiopholis aculeata,231,212
1224,Anisarchus medius,Ophiura robusta,231,213
1225,Anisarchus medius,Strongylocentrotus pallidus,231,214
1226,Anisarchus medius,Strongylocentrotus droebachiensis,231,215
1227,Anisarchus medius,Crossaster papposus,231,216
1228,Anisarchus medius,Henricia,231,217
1229,Anisarchus medius,Liparis liparis,231,230
1230,Anisarchus medius,Anisarchus medius,231,231
1231,Anisarchus medius,Lumpenus lampretaeformis,231,232
1232,Anisarchus medius,Leptagonus decagonus,231,233
1233,Anisarchus medius,Leptoclinus maculatus,231,234
1234,Anisarchus medius,Liparis fabricii,231,235
1235,Anisarchus medius,Artediellus europeus,231,236
1236,Anisarchus medius,Careproctus reinhardti,231,237
1237,Anisarchus medius,Sebastes marinus,231,238
1238,Anisarchus medius,Mallotus villosus,231,239
1239,Anisarchus medius,Eumicotremus derjugini,231,240
1240,Lumpenus lampretaeformis,Astarte borealis,232,185
1241,Lumpenus lampretaeformis,Astarte montagui,232,186
1242,Lumpenus lampretaeformis,Axinopsida orbiculata,232,187
1243,Lumpenus lampretaeformis,Boreacola maltzani,232,188
1244,Lumpenus lampretaeformis,Ciliatocardium ciliatum,232,189
1245,Lumpenus lampretaeformis,Diplodonta torelli,232,190
1246,Lumpenus lampretaeformis,Ennucula tenuis,232,191
1247,Lumpenus lampretaeformis,Hiatella arctica,232,192
1248,Lumpenus lampretaeformis,Liocyma fluctuosa,232,193
1249,Lumpenus lampretaeformis,Lyonsia arenosa,232,194
1250,Lumpenus lampretaeformis,Macoma calcarea,232,195
1251,Lumpenus lampretaeformis,Macoma moesta,232,196
1252,Lumpenus lampretaeformis,Musculus corrugatus,232,197
1253,Lumpenus lampretaeformis,Musculus discors,232,198
1254,Lumpenus lampretaeformis,Nuculana minuta,232,200
1255,Lumpenus lampretaeformis,Nuculana pernula,232,201
1256,Lumpenus lampretaeformis,Pandora glacialis,232,202
1257,Lumpenus lampretaeformis,Serripes groenlandicus,232,203
1258,Lumpenus lampretaeformis,Thracia myopsis,232,204
1259,Lumpenus lampretaeformis,Thyasira dunbari,232,205
1260,Lumpenus lampretaeformis,Thyasira gouldi,232,206
1261,Lumpenus lampretaeformis,Yoldia hyperborea,232,207
1262,Lumpenus lampretaeformis,Yoldiella frigida,232,208
1263,Lumpenus lampretaeformis,Yoldiella lenticula,232,209
1264,Lumpenus lampretaeformis,Yoldiella solidula,232,210
1265,Lumpenus lampretaeformis,Ophiocten sericeum,232,211
1266,Lumpenus lampretaeformis,Ophiopholis aculeata,232,212
1267,Lumpenus lampretaeformis,Ophiura robusta,232,213
1268,Leptagonus decagonus,Glycera capitata,233,134
1269,Leptagonus decagonus,Harmothoe imbricata,233,135
1270,Leptagonus decagonus,Heteromastus filiformis,233,136
1271,Leptagonus decagonus,Leitoscoloplos mammosus,233,137
1272,Leptagonus decagonus,Levinsenia gracilis,233,138
1273,Leptagonus decagonus,Lumbrineris,233,139
1274,Leptagonus decagonus,Lysippe labiata,233,140
1275,Leptagonus decagonus,Nephtys ciliata,233,141
1276,Leptagonus decagonus,Nereimyra punctata,233,142
1277,Leptagonus decagonus,Nereis zonata,233,143
1278,Leptagonus decagonus,Pholoe assimilis,233,144
1279,Leptagonus decagonus,Phyllodoce,233,145
1280,Leptagonus decagonus,Polydora,233,146
1281,Leptoclinus maculatus,Lebbeus polaris,234,89
1282,Leptoclinus maculatus,Pandalus borealis,234,102
1283,Leptoclinus maculatus,Nephtys ciliata,234,141
1284,Leptoclinus maculatus,Nereimyra punctata,234,142
1285,Leptoclinus maculatus,Nereis zonata,234,143
1286,Leptoclinus maculatus,Sabinea septemcarinata,234,222
1287,Liparis fabricii,Lebbeus polaris,235,89
1288,Liparis fabricii,Pandalus borealis,235,102
1289,Liparis fabricii,Sabinea septemcarinata,235,222
1290,Artediellus europeus,Thysanoessa raschii,236,38
1291,Artediellus europeus,Thysanoessa longicaudata,236,39
1292,Artediellus europeus,Thysanoessa inermis,236,40
1293,Artediellus europeus,Meganyctiphanes norvegica,236,47
1294,Careproctus reinhardti,Thysanoessa raschii,237,38
1295,Careproctus reinhardti,Thysanoessa longicaudata,237,39
1296,Sebastes marinus,Thysanoessa raschii,238,38
1297,Sebastes marinus,Thysanoessa longicaudata,238,39
1298,Sebastes marinus,Thysanoessa inermis,238,40
1299,Sebastes marinus,Themisto libellula,238,41
1300,Sebastes marinus,Themisto abyssorum,238,42
1301,Sebastes marinus,Boremysis arctica,238,43
1302,Sebastes marinus,Neoscolecithrix farrani,238,44
1303,Sebastes marinus,Mertensia ovum,238,45
1304,Sebastes marinus,Beroe cucumis,238,46
1305,Sebastes marinus,Meganyctiphanes norvegica,238,47
1306,Sebastes marinus,Boreomysis arctica,238,48
1307,Mallotus villosus,Thysanoessa raschii,239,38
1308,Mallotus villosus,Thysanoessa longicaudata,239,39
1309,Mallotus villosus,Thysanoessa inermis,239,40
1310,Mallotus villosus,Themisto libellula,239,41
1311,Mallotus villosus,Themisto abyssorum,239,42
1312,Mallotus villosus,Boremysis arctica,239,43
1313,Mallotus villosus,Neoscolecithrix farrani,239,44
1314,Mallotus villosus,Mertensia ovum,239,45
1315,Mallotus villosus,Beroe cucumis,239,46
1316,Mallotus villosus,Meganyctiphanes norvegica,239,47
1317,Mallotus villosus,Lebbeus polaris,239,89
1318,Eumicotremus derjugini,Pandalus borealis,240,102
1319,Eumicotremus derjugini,Sabinea septemcarinata,240,222
1320,Raja clavata,Fucus distichus,241,49
1321,Raja clavata,Pylaiella littoralis,241,50
1322,Raja clavata,Chordaria flagelliformis,241,51
1323,Raja clavata,Acrosiphonia,241,52
1324,Raja clavata,Alaria esculenta,241,53
1325,Raja clavata,Laminaria saccharina,241,54
1326,Raja clavata,Laminaria digitata,241,55
1327,Raja clavata,Saccorhiza dermatodea,241,56
1328,Raja clavata,Laminaria solidungula,241,57
1329,Raja clavata,Phycodrys rubens,241,58
1330,Raja clavata,Ptilta gunneri,241,59
1331,Raja clavata,Fimbrifolium dichotomum,241,60
1332,Raja clavata,Desmarestia aculeata,241,61
1333,Raja clavata,Palmaria palmata,241,62
1334,Raja clavata,Devaleraea ramentacea,241,63
1335,Raja clavata,Turnerella pennyi,241,64
1336,Raja clavata,Desmarestia viridis,241,65
1337,Raja clavata,Lebbeus polaris,241,89
1338,Raja clavata,Pandalus borealis,241,102
1339,Raja clavata,Glycera capitata,241,134
1340,Raja clavata,Harmothoe imbricata,241,135
1341,Raja clavata,Heteromastus filiformis,241,136
1342,Raja clavata,Leitoscoloplos mammosus,241,137
1343,Raja clavata,Levinsenia gracilis,241,138
1344,Raja clavata,Lumbrineris,241,139
1345,Raja clavata,Lysippe labiata,241,140
1346,Raja clavata,Nephtys ciliata,241,141
1347,Raja clavata,Nereimyra punctata,241,142
1348,Raja clavata,Nereis zonata,241,143
1349,Raja clavata,Pholoe assimilis,241,144
1350,Raja clavata,Phyllodoce,241,145
1351,Raja clavata,Polydora,241,146
1352,Raja clavata,Ophiocten sericeum,241,211
1353,Raja clavata,Ophiopholis aculeata,241,212
1354,Raja clavata,Ophiura robusta,241,213
1355,Myoxocephalus scorpius,Thysanoessa raschii,242,38
1356,Myoxocephalus scorpius,Thysanoessa longicaudata,242,39
1357,Myoxocephalus scorpius,Thysanoessa inermis,242,40
1358,Myoxocephalus scorpius,Meganyctiphanes norvegica,242,47
1359,Myoxocephalus scorpius,Boreomysis arctica,242,48
1360,Myoxocephalus scorpius,Hyas araneus,242,85
1361,Myoxocephalus scorpius,Lebbeus polaris,242,89
1362,Myoxocephalus scorpius,Pagurus pubescens,242,101
1363,Myoxocephalus scorpius,Pandalus borealis,242,102
1364,Myoxocephalus scorpius,Glycera capitata,242,134
1365,Myoxocephalus scorpius,Macoma calcarea,242,195
1366,Myoxocephalus scorpius,Macoma moesta,242,196
1367,Myoxocephalus scorpius,Ophiocten sericeum,242,211
1368,Myoxocephalus scorpius,Ophiopholis aculeata,242,212
1369,Myoxocephalus scorpius,Ophiura robusta,242,213
1370,Myoxocephalus scorpius,Lycodes,242,228
1371,Myoxocephalus scorpius,Sebastes mentella,242,229
1372,Myoxocephalus scorpius,Liparis liparis,242,230
1373,Myoxocephalus scorpius,Anisarchus medius,242,231
1374,Myoxocephalus scorpius,Lumpenus lampretaeformis,242,232
1375,Myoxocephalus scorpius,Leptagonus decagonus,242,233
1376,Myoxocephalus scorpius,Leptoclinus maculatus,242,234
1377,Myoxocephalus scorpius,Liparis fabricii,242,235
1378,Anarhichas lupus,Hyas araneus,243,85
1379,Anarhichas lupus,Pagurus pubescens,243,101
1380,Anarhichas lupus,Pandalus borealis,243,102
1381,Anarhichas lupus,Nephtys ciliata,243,141
1382,Anarhichas lupus,Nereimyra punctata,243,142
1383,Anarhichas lupus,Nereis zonata,243,143
1384,Anarhichas lupus,Boreogadus saida,243,224
1385,Anarhichas lupus,Gadus morhua,243,225
1386,Anarhichas lupus,Reinhardtius hipoglossoides,243,226
1387,Anarhichas lupus,Hipoglossoides platessoides,243,227
1388,Anarhichas lupus,Lycodes,243,228
1389,Anarhichas lupus,Sebastes mentella,243,229
1390,Anarhichas lupus,Liparis liparis,243,230
1391,Anarhichas lupus,Anisarchus medius,243,231
1392,Anarhichas lupus,Lumpenus lampretaeformis,243,232
1393,Anarhichas lupus,Leptagonus decagonus,243,233
1394,Gymnocanthus tricuspis,Parapleustes bicuspis,244,104
1395,Gymnocanthus tricuspis,Parapleustes monocuspis,244,105
1396,Gymnocanthus tricuspis,Paroediceros lynceus,244,106
1397,Gymnocanthus tricuspis,Pleustes panoplus,244,107
1398,Gymnocanthus tricuspis,Pleusymtes glabroides,244,108
1399,Gymnocanthus tricuspis,Pontoporeia femorata,244,109
1400,Gymnocanthus tricuspis,Rhachotropis inflata,244,110
1401,Gymnocanthus tricuspis,Spirontocaris spinus,244,111
1402,Gymnocanthus tricuspis,Spirontocaris turgida,244,112
1403,Gymnocanthus tricuspis,Stilomysis grandis,244,113
1404,Gymnocanthus tricuspis,Syrrhoe crenulata,244,114
1405,Gymnocanthus tricuspis,Nereimyra punctata,244,142
1406,Gymnocanthus tricuspis,Nereis zonata,244,143
1407,Pusa hispida,Thysanoessa raschii,245,38
1408,Pusa hispida,Thysanoessa longicaudata,245,39
1409,Pusa hispida,Thysanoessa inermis,245,40
1410,Pusa hispida,Meganyctiphanes norvegica,245,47
1411,Pusa hispida,Lebbeus polaris,245,89
1412,Pusa hispida,Pandalus borealis,245,102
1413,Pusa hispida,Mya truncata,245,199
1414,Pusa hispida,Sabinea septemcarinata,245,222
1415,Pusa hispida,Sclerocrangon boreas,245,223
1416,Pusa hispida,Boreogadus saida,245,224
1417,Pusa hispida,Reinhardtius hipoglossoides,245,226
1418,Pusa hispida,Sebastes mentella,245,229
1419,Erignathus barbatus,Mya truncata,246,199
1420,Erignathus barbatus,Nuculana minuta,246,200
1421,Erignathus barbatus,Boreogadus saida,246,224
1422,Erignathus barbatus,Reinhardtius hipoglossoides,246,226
1423,Erignathus barbatus,Sebastes mentella,246,229
1424,Phoca vitulina,Thysanoessa raschii,247,38
1425,Phoca vitulina,Thysanoessa longicaudata,247,39
1426,Phoca vitulina,Thysanoessa inermis,247,40
1427,Phoca vitulina,Meganyctiphanes norvegica,247,47
1428,Phoca vitulina,Mya truncata,247,199
1429,Phoca vitulina,Boreogadus saida,247,224
1430,Phoca vitulina,Reinhardtius hipoglossoides,247,226
1431,Phoca vitulina,Sebastes mentella,247,229
1432,Odobenus rosmarus,Macoma calcarea,248,195
1433,Odobenus rosmarus,Macoma moesta,248,196
1434,Odobenus rosmarus,Musculus corrugatus,248,197
1435,Odobenus rosmarus,Musculus discors,248,198
1436,Odobenus rosmarus,Mya truncata,248,199
1437,Odobenus rosmarus,Nuculana minuta,248,200
1438,Odobenus rosmarus,Nuculana pernula,248,201
1439,Odobenus rosmarus,Pandora glacialis,248,202
1440,Dephinapterus leucas,Boreogadus saida,249,224
1441,Dephinapterus leucas,Reinhardtius hipoglossoides,249,226
1442,Dephinapterus leucas,Sebastes mentella,249,229
1443,Balaenoptera acutorostrata,Thysanoessa raschii,250,38
1444,Balaenoptera acutorostrata,Thysanoessa longicaudata,250,39
1445,Balaenoptera acutorostrata,Thysanoessa inermis,250,40
1446,Balaenoptera acutorostrata,Meganyctiphanes norvegica,250,47
1447,Balaenoptera acutorostrata,Boreogadus saida,250,224
1448,Balaenoptera acutorostrata,Reinhardtius hipoglossoides,250,226
1449,Balaenoptera acutorostrata,Sebastes mentella,250,229
1450,Calidris maritima,Boreogadus saida,251,224
1451,Calidris maritima,Reinhardtius hipoglossoides,251,226
1452,Calidris maritima,Sebastes mentella,251,229
1453,Somateria mollissima,Fucus distichus,252,49
1454,Somateria mollissima,Pylaiella littoralis,252,50
1455,Somateria mollissima,Chordaria flagelliformis,252,51
1456,Somateria mollissima,Acrosiphonia,252,52
1457,Somateria mollissima,Alaria esculenta,252,53
1458,Somateria mollissima,Laminaria saccharina,252,54
1459,Somateria mollissima,Laminaria digitata,252,55
1460,Somateria mollissima,Saccorhiza dermatodea,252,56
1461,Somateria mollissima,Laminaria solidungula,252,57
1462,Somateria mollissima,Phycodrys rubens,252,58
1463,Somateria mollissima,Ptilta gunneri,252,59
1464,Somateria mollissima,Fimbrifolium dichotomum,252,60
1465,Somateria mollissima,Desmarestia aculeata,252,61
1466,Somateria mollissima,Palmaria palmata,252,62
1467,Somateria mollissima,Devaleraea ramentacea,252,63
1468,Somateria mollissima,Turnerella pennyi,252,64
1469,Somateria mollissima,Desmarestia viridis,252,65
1470,Somateria mollissima,Phytodetritus,252,261
1471,Somateria mollissima,Sediment,252,262
1472,Alle alle,Thysanoessa raschii,253,38
1473,Alle alle,Thysanoessa longicaudata,253,39
1474,Alle alle,Thysanoessa inermis,253,40
1475,Alle alle,Meganyctiphanes norvegica,253,47
1476,Alle alle,Boreogadus saida,253,224
1477,Cepphus grylle,Boreogadus saida,254,224
1478,Fulmarus glacialis,Lebbeus polaris,255,89
1479,Fulmarus glacialis,Pandalus borealis,255,102
1480,Fulmarus glacialis,Sabinea septemcarinata,255,222
1481,Fulmarus glacialis,Sclerocrangon boreas,255,223
1482,Fulmarus glacialis,Boreogadus saida,255,224
1483,Fulmarus glacialis,Gadus morhua,255,225
1484,Fulmarus glacialis,Reinhardtius hipoglossoides,255,226
1485,Fulmarus glacialis,Hipoglossoides platessoides,255,227
1486,Fulmarus glacialis,Lycodes,255,228
1487,Fulmarus glacialis,Sebastes mentella,255,229
1488,Fulmarus glacialis,Liparis liparis,255,230
1489,Fulmarus glacialis,Anisarchus medius,255,231
1490,Fulmarus glacialis,Lumpenus lampretaeformis,255,232
1491,Fulmarus glacialis,Leptagonus decagonus,255,233
1492,Fulmarus glacialis,Leptoclinus maculatus,255,234
1493,Fulmarus glacialis,Liparis fabricii,255,235
1494,Fulmarus glacialis,Artediellus europeus,255,236
1495,Fulmarus glacialis,Careproctus reinhardti,255,237
1496,Fulmarus glacialis,Sebastes marinus,255,238
1497,Fulmarus glacialis,Mallotus villosus,255,239
1498,Fulmarus glacialis,Eumicotremus derjugini,255,240
1499,Fulmarus glacialis,Raja clavata,255,241
1500,Fulmarus glacialis,Myoxocephalus scorpius,255,242
1501,Fulmarus glacialis,Anarhichas lupus,255,243
1502,Fulmarus glacialis,Gymnocanthus tricuspis,255,244
1503,Rissa tridactyla,Thysanoessa raschii,256,38
1504,Rissa tridactyla,Thysanoessa longicaudata,256,39
1505,Rissa tridactyla,Thysanoessa inermis,256,40
1506,Rissa tridactyla,Meganyctiphanes norvegica,256,47
1507,Rissa tridactyla,Boreogadus saida,256,224
1508,Larus hyperboreus,Lebbeus polaris,257,89
1509,Larus hyperboreus,Pandalus borealis,257,102
1510,Larus hyperboreus,Sabinea septemcarinata,257,222
1511,Larus hyperboreus,Sclerocrangon boreas,257,223
1512,Larus hyperboreus,Boreogadus saida,257,224
1513,Larus hyperboreus,Gadus morhua,257,225
1514,Larus hyperboreus,Reinhardtius hipoglossoides,257,226
1515,Larus hyperboreus,Hipoglossoides platessoides,257,227
1516,Larus hyperboreus,Lycodes,257,228
1517,Larus hyperboreus,Sebastes mentella,257,229
1518,Larus hyperboreus,Liparis liparis,257,230
1519,Larus hyperboreus,Anisarchus medius,257,231
1520,Larus hyperboreus,Lumpenus lampretaeformis,257,232
1521,Larus hyperboreus,Leptagonus decagonus,257,233
1522,Larus hyperboreus,Leptoclinus maculatus,257,234
1523,Larus hyperboreus,Liparis fabricii,257,235
1524,Larus hyperboreus,Artediellus europeus,257,236
1525,Larus hyperboreus,Careproctus reinhardti,257,237
1526,Larus hyperboreus,Sebastes marinus,257,238
1527,Larus hyperboreus,Mallotus villosus,257,239
1528,Larus hyperboreus,Eumicotremus derjugini,257,240
1529,Larus hyperboreus,Raja clavata,257,241
1530,Larus hyperboreus,Myoxocephalus scorpius,257,242
1531,Larus hyperboreus,Anarhichas lupus,257,243
1532,Larus hyperboreus,Gymnocanthus tricuspis,257,244
1533,Sterna paradisaea,Lebbeus polaris,258,89
1534,Sterna paradisaea,Pandalus borealis,258,102
1535,Sterna paradisaea,Sabinea septemcarinata,258,222
1536,Sterna paradisaea,Sclerocrangon boreas,258,223
1537,Sterna paradisaea,Boreogadus saida,258,224
1538,Sterna paradisaea,Reinhardtius hipoglossoides,258,226
1539,Sterna paradisaea,Sebastes mentella,258,229
1540,Ursus maritimus,Pusa hispida,259,245
1541,Ursus maritimus,Erignathus barbatus,259,246
1542,Ursus maritimus,Phoca vitulina,259,247
1543,Ursus maritimus,Odobenus rosmarus,259,248
1544,Ursus maritimus,Balaenoptera acutorostrata,259,250
